codi;nom_en;familia;regim;logica;d_xxs_xs;d_xs_s;d_s_m;d_m_l;trenca;ancoratge;capa_defecte;seccio
A;1/2 chest width (armpit to armpit);A;Amplada;LINEAR+BREAK;2;3;3;3;XS;Cota;exterior;PIT I SOTA-PIT (A)
A1;Underbust width;A;Amplada;LINEAR+BREAK;1;1.5;1.5;1.5;XS;Cota;exterior;PIT I SOTA-PIT (A)
B;Waist width;B;Amplada;LINEAR+BREAK;2;3;3;3;XS;Cota;exterior;CINTURA I ENTORN (B)
BT;Waist position from HPS;B;Col·locació;LINEAR+BREAK;0.3;0.5;0.5;0.5;XS;Caiguda;exterior;CINTURA I ENTORN (B)
BF;Waistband height;B;Fix;FIXED;0;0;0;0;—;Component;exterior;CINTURA I ENTORN (B)
BR;Fly width;B;Fix;FIXED;0;0;0;0;—;Component;exterior;CINTURA I ENTORN (B)
BR1;Fly length;B;Llarg;LINEAR+BREAK;0.2;0.3;0.3;0.3;XS;Tirada;exterior;CINTURA I ENTORN (B)
BL;Fold length;B;Llarg;LINEAR+BREAK;1;1;1.5;1.5;S;Tirada;exterior;CINTURA I ENTORN (B)
BW;Fold width;B;Fix;FIXED;0;0;0;0;—;Cota;exterior;CINTURA I ENTORN (B)
C;Hip width;C;Amplada;LINEAR+BREAK;1.5;2;2;2;XS;Cota;exterior;CADERA, CUIXA I ENTRECUIX (C)
CT;Thigh width;C;Amplada;LINEAR+BREAK;1.2;1.8;1.8;1.8;XS;Cota;exterior;CADERA, CUIXA I ENTRECUIX (C)
CR;Front crotch width;C;Amplada;LINEAR+BREAK;0.3;0.5;0.5;0.5;XS;Cota;exterior;CADERA, CUIXA I ENTRECUIX (C)
CR1;Back crotch width;C;Amplada;LINEAR+BREAK;0.3;0.5;0.5;0.5;XS;Cota;exterior;CADERA, CUIXA I ENTRECUIX (C)
CR3;Crotch width placement;C;Col·locació;LINEAR+BREAK;0.3;0.5;0.5;0.5;XS;Caiguda;exterior;CADERA, CUIXA I ENTRECUIX (C)
CR4;Crotch length;C;Llarg;LINEAR+BREAK;0.85;1.25;1.25;1.25;XS;Tirada;exterior;CADERA, CUIXA I ENTRECUIX (C)
CR2;Zipper;C;Fix;FIXED;0;0;0;0;—;Component;fornitura;CADERA, CUIXA I ENTRECUIX (C)
D;Bottom width;D;Amplada;LINEAR+BREAK;2;3;3;3;XS;Cota;exterior;BAIX DEL COS (D)
E;Shoulder to shoulder;E;Amplada;LINEAR+BREAK;1;1.5;1.5;1.5;XS;Cota;exterior;COLL · ESPATLLA · ESCOT · SOLAPA (E)
E1;Shoulder width at true shoulder;E;Amplada;LINEAR+BREAK;0.25;0.4;0.4;0.4;XS;Cota;exterior;COLL · ESPATLLA · ESCOT · SOLAPA (E)
E2;Across front width (11 cm from HPS);E;Amplada;LINEAR+BREAK;1;1.5;1.5;1.5;XS;Cota;exterior;COLL · ESPATLLA · ESCOT · SOLAPA (E)
E3;Across back width (11 cm from HPS);E;Amplada;LINEAR+BREAK;1;1.5;1.5;1.5;XS;Cota;exterior;COLL · ESPATLLA · ESCOT · SOLAPA (E)
E4;Shoulder forward;E;Fix;FIXED;0;0;0;0;—;Cota;exterior;COLL · ESPATLLA · ESCOT · SOLAPA (E)
E5;Shoulder drop (from HPS to shoulder point);E;Fix;FIXED;0;0;0;0;—;Caiguda;exterior;COLL · ESPATLLA · ESCOT · SOLAPA (E)
EK;Neck width;E;Amplada;LINEAR+BREAK;0.5;0.75;0.75;0.75;XS;Cota;exterior;COLL · ESPATLLA · ESCOT · SOLAPA (E)
EK1;Front neck drop from HPS;E;Amplada;LINEAR+BREAK;0.25;0.4;0.4;0.4;XS;Caiguda;exterior;COLL · ESPATLLA · ESCOT · SOLAPA (E)
EK2;Back neck drop from HPS;E;Fix;FIXED;0;0;0;0;—;Caiguda;exterior;COLL · ESPATLLA · ESCOT · SOLAPA (E)
EK4;Neckline contour;E;Amplada;LINEAR+BREAK;0.5;0.75;0.75;0.75;XS;Tirada;exterior;COLL · ESPATLLA · ESCOT · SOLAPA (E)
EKK;Back neckline width;E;Amplada;LINEAR+BREAK;0.5;0.75;0.75;0.75;XS;Cota;exterior;COLL · ESPATLLA · ESCOT · SOLAPA (E)
E6;Front collar panel height;E;Amplada;LINEAR+BREAK;0.15;0.2;0.2;0.2;XS;Cota;exterior;COLL · ESPATLLA · ESCOT · SOLAPA (E)
E7;Centre collar panel height;E;Amplada;LINEAR+BREAK;0.15;0.2;0.2;0.2;XS;Cota;exterior;COLL · ESPATLLA · ESCOT · SOLAPA (E)
E8;Collar panel length;E;Amplada;LINEAR+BREAK;0.5;0.75;0.75;0.75;XS;Tirada;exterior;COLL · ESPATLLA · ESCOT · SOLAPA (E)
E88;Collar join;E;Amplada;LINEAR+BREAK;0.5;0.75;0.75;0.75;XS;Cota;exterior;COLL · ESPATLLA · ESCOT · SOLAPA (E)
EC;Collar point length;E;Amplada;LINEAR+BREAK;0.15;0.2;0.2;0.2;XS;Cota;exterior;COLL · ESPATLLA · ESCOT · SOLAPA (E)
EL;Lapel width;E;Amplada;LINEAR+BREAK;0.2;0.3;0.3;0.3;XS;Cota;exterior;COLL · ESPATLLA · ESCOT · SOLAPA (E)
EL1;Lapel length;E;Llarg;LINEAR+BREAK;0.5;0.75;0.75;0.75;XS;Tirada;exterior;COLL · ESPATLLA · ESCOT · SOLAPA (E)
EL2;Gorge height;E;Col·locació;LINEAR+BREAK;0.3;0.5;0.5;0.5;XS;Caiguda;exterior;COLL · ESPATLLA · ESCOT · SOLAPA (E)
EL3;Lapel notch opening;E;Fix;FIXED;0;0;0;0;—;Cota;exterior;COLL · ESPATLLA · ESCOT · SOLAPA (E)
EP;Collar height;E;Fix;FIXED;0;0;0;0;—;Component;exterior;COLL · ESPATLLA · ESCOT · SOLAPA (E)
EB;Neck binding width;E;Fix;FIXED;0;0;0;0;—;Component;exterior;COLL · ESPATLLA · ESCOT · SOLAPA (E)
PC;Neck pipe width;E;Fix;FIXED;0;0;0;0;—;Component;exterior;COLL · ESPATLLA · ESCOT · SOLAPA (E)
CP;Collar peak;E;Amplada;LINEAR+BREAK;0.15;0.2;0.2;0.2;XS;Cota;exterior;COLL · ESPATLLA · ESCOT · SOLAPA (E)
CB1;Collar total contour;E;Amplada;LINEAR+BREAK;0.5;0.75;0.75;0.75;XS;Tirada;exterior;COLL · ESPATLLA · ESCOT · SOLAPA (E)
F;Centre front length from HPS;F;Llarg;LINEAR+BREAK;1;1;1.5;1.5;S;Tirada;exterior;LLARGS DEL COS (F)
FF;Centre back length from HPS;F;Llarg;LINEAR+BREAK;1;1;1.5;1.5;S;Tirada;exterior;LLARGS DEL COS (F)
F1;Side curve (CB length minus side seam);F;Llarg;LINEAR+BREAK;0.3;0.5;0.5;0.5;XS;Cota;exterior;LLARGS DEL COS (F)
F2;Side length;F;Llarg;LINEAR+BREAK;1;1;1.5;1.5;S;Tirada;exterior;LLARGS DEL COS (F)
F3;Front centre total length;F;Llarg;LINEAR+BREAK;1;1;1.5;1.5;S;Tirada;exterior;LLARGS DEL COS (F)
F4;Back centre total length;F;Llarg;LINEAR+BREAK;1;1;1.5;1.5;S;Tirada;exterior;LLARGS DEL COS (F)
FB;Body length;F;Llarg;LINEAR+BREAK;1;1;1.5;1.5;S;Tirada;exterior;LLARGS DEL COS (F)
FC;Hip position;F;Col·locació;LINEAR+BREAK;0.3;0.5;0.5;0.5;XS;Caiguda;exterior;LLARGS DEL COS (F)
FD;Front rise length;F;Llarg;LINEAR+BREAK;0.7;1.1;1.1;1.1;XS;Tirada;exterior;LLARGS DEL COS (F)
FE;Back rise length;F;Llarg;LINEAR+BREAK;0.9;1.5;1.5;1.5;XS;Tirada;exterior;LLARGS DEL COS (F)
FI;Inseam length;F;Llarg;LINEAR+BREAK;0;0.5;0.5;0.5;XS;Tirada;exterior;LLARGS DEL COS (F)
FR;Knee position;F;Col·locació;LINEAR+BREAK;0.5;0.75;0.75;0.75;XS;Caiguda;exterior;LLARGS DEL COS (F)
FS;Skirt length;F;Llarg;LINEAR+BREAK;0.5;0.5;1;1;S;Tirada;exterior;LLARGS DEL COS (F)
FT;Pants length (outseam);F;Llarg;LINEAR+BREAK;0.5;0.5;1;1;S;Tirada;exterior;LLARGS DEL COS (F)
FS5;Lining length difference;F;Fix;FIXED;0;0;0;0;—;Component;folre;LLARGS DEL COS (F)
FJ;Wingspan length;F;Llarg;LINEAR+BREAK;3;3.5;3.5;3.5;XS;Tirada;exterior;LLARGS DEL COS (F)
G1;Bottom finish height;G;Fix;FIXED;0;0;0;0;—;Component;exterior;CANALÉ, BAIXOS I GODET (G)
GD;Godet length at longest point;G;Llarg;LINEAR+BREAK;1;1;1.5;1.5;S;Tirada;exterior;CANALÉ, BAIXOS I GODET (G)
GD1;Godet length at seams;G;Llarg;LINEAR+BREAK;1;1;1.5;1.5;S;Tirada;exterior;CANALÉ, BAIXOS I GODET (G)
HL;Hood length;H;Llarg;LINEAR+BREAK;0.5;0.75;0.75;0.75;XS;Tirada;exterior;CAPUTXA (H)
HW;Hood width;H;Amplada;LINEAR+BREAK;0.5;0.75;0.75;0.75;XS;Cota;exterior;CAPUTXA (H)
HO;Hood opening width;H;Amplada;LINEAR+BREAK;0.5;0.75;0.75;0.75;XS;Cota;exterior;CAPUTXA (H)
H1;Hood width placement;H;Col·locació;LINEAR+BREAK;0.3;0.5;0.5;0.5;XS;Caiguda;exterior;CAPUTXA (H)
HP;Hood piece width;H;Amplada;LINEAR+BREAK;0.3;0.5;0.5;0.5;XS;Cota;exterior;CAPUTXA (H)
I;Sleeve length;I;Llarg;LINEAR+BREAK;0.7;1;1;1;XS;Tirada;exterior;LLARGS DE MÀNIGA (I)
I2;Sleeve hem width;I;Amplada;LINEAR+BREAK;0.5;0.75;0.75;0.75;XS;Cota;exterior;LLARGS DE MÀNIGA (I)
I3;Cuff slit;I;Fix;FIXED;0;0;0;0;—;Component;exterior;LLARGS DE MÀNIGA (I)
I4;Sleeve length from CB over shoulder point (cuff included);I;Llarg;LINEAR+BREAK;1.5;1.75;1.75;1.75;XS;Tirada;exterior;LLARGS DE MÀNIGA (I)
I5;Elbow position from CB over shoulder point;I;Col·locació;LINEAR+BREAK;1;1.25;1.25;1.25;XS;Tirada;exterior;LLARGS DE MÀNIGA (I)
I6;Under sleeve length;I;Llarg;LINEAR+BREAK;0.7;1;1;1;XS;Tirada;exterior;LLARGS DE MÀNIGA (I)
I7;Sleeve cap height;I;Llarg;LINEAR+BREAK;0.3;0.5;0.5;0.5;XS;Caiguda;exterior;LLARGS DE MÀNIGA (I)
IC;Elbow patch placement;I;Col·locació;LINEAR+BREAK;0.3;0.5;0.5;0.5;XS;Caiguda;exterior;LLARGS DE MÀNIGA (I)
IC1;Elbow patch width;I;Amplada;LINEAR+BREAK;0.2;0.3;0.3;0.3;XS;Cota;exterior;LLARGS DE MÀNIGA (I)
IC2;Elbow patch length;I;Amplada;LINEAR+BREAK;0.2;0.3;0.3;0.3;XS;Cota;exterior;LLARGS DE MÀNIGA (I)
J;1/2 Bicep width;J;Amplada;LINEAR+BREAK;0.6;0.8;0.8;0.8;XS;Cota;exterior;AMPLES DE MÀNIGA (J)
J1;Sleeve opening;J;Amplada;LINEAR+BREAK;0.3;0.5;0.5;0.5;XS;Cota;exterior;AMPLES DE MÀNIGA (J)
J3;Cuff height;J;Fix;FIXED;0;0;0;0;—;Component;exterior;AMPLES DE MÀNIGA (J)
JJ;Sleeve width at elbow;J;Amplada;LINEAR+BREAK;0.4;0.6;0.6;0.6;XS;Cota;exterior;AMPLES DE MÀNIGA (J)
JTA;Sleeve strap;J;Llarg;LINEAR+BREAK;0.5;0.75;0.75;0.75;XS;Component;exterior;AMPLES DE MÀNIGA (J)
K;Buttonhole placement;K;Col·locació;LINEAR+BREAK;0.15;0.2;0.2;0.2;XS;Caiguda;exterior;TRAUS, BOTONS I ULLETS (K)
KB;Button placement;K;Col·locació;LINEAR+BREAK;0.15;0.2;0.2;0.2;XS;Caiguda;exterior;TRAUS, BOTONS I ULLETS (K)
KU;Eyelet placement;K;Col·locació;LINEAR+BREAK;0.15;0.2;0.2;0.2;XS;Caiguda;exterior;TRAUS, BOTONS I ULLETS (K)
L;Back yoke width;L;Amplada;LINEAR+BREAK;0.3;0.5;0.5;0.5;XS;Cota;exterior;CANESÚ (L · P)
L1;Yoke seam length;L;Llarg;LINEAR+BREAK;0.3;0.5;0.5;0.5;XS;Tirada;exterior;CANESÚ (L · P)
P;Centre back yoke height;P;Fix;FIXED;0;0;0;0;—;Caiguda;exterior;CANESÚ (L · P)
P1;Side yoke height;P;Fix;FIXED;0;0;0;0;—;Caiguda;exterior;CANESÚ (L · P)
P2;Centre front yoke height;P;Fix;FIXED;0;0;0;0;—;Caiguda;exterior;CANESÚ (L · P)
M;Leg opening;M;Amplada;LINEAR+BREAK;1.2;1.8;1.8;1.8;XS;Cota;exterior;BOCA DE CAMAL (M)
N;Motive placement;N;Col·locació;LINEAR+BREAK;0.3;0.5;0.5;0.5;XS;Caiguda;exterior;MOTIUS I APLICATS (N)
NF;Motive width;N;Fix;FIXED;0;0;0;0;—;Component;exterior;MOTIUS I APLICATS (N)
NL;Motive height;N;Fix;FIXED;0;0;0;0;—;Component;exterior;MOTIUS I APLICATS (N)
Q;Dart length;Q;Llarg;LINEAR+BREAK;0.3;0.5;0.5;0.5;XS;Tirada;exterior;PINCES I PLECS (Q)
QP;Dart placement;Q;Col·locació;LINEAR+BREAK;0.3;0.5;0.5;0.5;XS;Caiguda;exterior;PINCES I PLECS (Q)
QW;Dart intake;Q;Fix;FIXED;0;0;0;0;—;Cota;exterior;PINCES I PLECS (Q)
QT;Pleat width;Q;Fix;FIXED;0;0;0;0;—;Cota;exterior;PINCES I PLECS (Q)
QTP;Pleat placement;Q;Col·locació;LINEAR+BREAK;0.3;0.5;0.5;0.5;XS;Caiguda;exterior;PINCES I PLECS (Q)
QTD;Pleat depth;Q;Fix;FIXED;0;0;0;0;—;Cota;exterior;PINCES I PLECS (Q)
QTS;Pleat spacing;Q;Col·locació;LINEAR+BREAK;0.15;0.2;0.2;0.2;XS;Cota;exterior;PINCES I PLECS (Q)
R;Pocket mouth width;R;Amplada;LINEAR+BREAK;0.2;0.3;0.3;0.3;XS;Cota;exterior;BUTXACA (R)
R1;Pocket mouth length;R;Amplada;LINEAR+BREAK;0.5;0.75;0.75;0.75;XS;Tirada;exterior;BUTXACA (R)
R2;Pocket width;R;Amplada;LINEAR+BREAK;0.7;1;1;1;XS;Cota;exterior;BUTXACA (R)
R3;Pocket length;R;Amplada;LINEAR+BREAK;0.35;0.5;0.5;0.5;XS;Cota;exterior;BUTXACA (R)
RF;Pocket flap width;R;Amplada;LINEAR+BREAK;0.2;0.3;0.3;0.3;XS;Cota;exterior;BUTXACA (R)
RF1;Pocket flap height;R;Fix;FIXED;0;0;0;0;—;Component;exterior;BUTXACA (R)
RW;Welt height;R;Fix;FIXED;0;0;0;0;—;Component;exterior;BUTXACA (R)
PR;Pocket placement;R;Col·locació;LINEAR+BREAK;0.15;0.2;0.2;0.2;XS;Caiguda;exterior;BUTXACA (R)
S;Front armhole along seam;S;Amplada;LINEAR+BREAK;0.7;1;1;1;XS;Tirada;exterior;SISA I OBERTURES (S)
S2;Back armhole along seam;S;Amplada;LINEAR+BREAK;0.7;1;1;1;XS;Tirada;exterior;SISA I OBERTURES (S)
S3;Armhole curve;S;Amplada;LINEAR+BREAK;0.7;1;1;1;XS;Tirada;exterior;SISA I OBERTURES (S)
SF;Armhole depth from HPS;S;Amplada;LINEAR+BREAK;0.7;1;1;1;XS;Caiguda;exterior;SISA I OBERTURES (S)
SLT;Slit / opening length;S;Fix;FIXED;0;0;0;0;—;Tirada;exterior;SISA I OBERTURES (S)
SLT1;Vent overlap width;S;Fix;FIXED;0;0;0;0;—;Cota;exterior;SISA I OBERTURES (S)
T;Strap length;T;Llarg;LINEAR+BREAK;0.5;0.75;0.75;0.75;XS;Component;exterior;TIRANT I TAPETA (T)
T1;Strap width;T;Fix;FIXED;0;0;0;0;—;Component;exterior;TIRANT I TAPETA (T)
T2;Strap placement;T;Col·locació;LINEAR+BREAK;0.3;0.5;0.5;0.5;XS;Caiguda;exterior;TIRANT I TAPETA (T)
TR;Placket height;T;Llarg;LINEAR+BREAK;1;1;1.5;1.5;S;Component;exterior;TIRANT I TAPETA (T)
T3;Strap thickness;T;Fix;FIXED;0;0;0;0;—;Component;exterior;TIRANT I TAPETA (T)
T4;Strap cut width;T;Fix;FIXED;0;0;0;0;—;Cota;exterior;TIRANT I TAPETA (T)
U;Front overlap;U;Fix;FIXED;0;0;0;0;—;Cota;exterior;BOTONADURA I CREUAMENT (U)
U1;Button spacing;U;Fix;FIXED;0;0;0;0;—;Cota;exterior;BOTONADURA I CREUAMENT (U)
U2;First button placement;U;Col·locació;LINEAR+BREAK;0.15;0.2;0.2;0.2;XS;Caiguda;exterior;BOTONADURA I CREUAMENT (U)
U3;Last button placement;U;Fix;FIXED;0;0;0;0;—;Caiguda;exterior;BOTONADURA I CREUAMENT (U)
U4;Flounce height;U;Fix;FIXED;0;0;0;0;—;Component;exterior;BOTONADURA I CREUAMENT (U)
UT1;Loop height;U;Fix;FIXED;0;0;0;0;—;Component;fornitura;BOTONADURA I CREUAMENT (U)
UT2;Loop width;U;Fix;FIXED;0;0;0;0;—;Component;fornitura;BOTONADURA I CREUAMENT (U)
V;Ruffle height;V;Fix;FIXED;0;0;0;0;—;Component;exterior;VOLANT (V)
VR;Ruffle length;V;Llarg;LINEAR+BREAK;1;1.5;1.5;1.5;XS;Tirada;exterior;VOLANT (V)
VP;Ruffle end placement;V;Col·locació;LINEAR+BREAK;0.3;0.5;0.5;0.5;XS;Caiguda;exterior;VOLANT (V)
W;Elastic width;W;Fix;FIXED;0;0;0;0;—;Component;fornitura;GOMA I ELÀSTICS (W)
WP;Elastic placement;W;Col·locació;LINEAR+BREAK;0.3;0.5;0.5;0.5;XS;Caiguda;fornitura;GOMA I ELÀSTICS (W)
X;Stitching width;X;Fix;FIXED;0;0;0;0;—;Component;exterior;PESPUNT I VIUS (X)
XP;Stitching placement;X;Col·locació;LINEAR+BREAK;0.3;0.5;0.5;0.5;XS;Caiguda;exterior;PESPUNT I VIUS (X)
XV;Jetting width;X;Fix;FIXED;0;0;0;0;—;Component;exterior;PESPUNT I VIUS (X)
Y;Panel width;Y;Amplada;LINEAR+BREAK;0.5;0.75;0.75;0.75;XS;Cota;exterior;PANELLS I TALLS (Y) 🆕
Y1;Panel height;Y;Llarg;LINEAR+BREAK;0.5;0.75;0.75;0.75;XS;Cota;exterior;PANELLS I TALLS (Y) 🆕
YP;Panel and cut-out placement;Y;Col·locació;LINEAR+BREAK;0.3;0.5;0.5;0.5;XS;Caiguda;exterior;PANELLS I TALLS (Y) 🆕
YC1;Cut-out width;Y;Fix;FIXED;0;0;0;0;—;Cota;exterior;PANELLS I TALLS (Y) 🆕
ZL;Complement length;Z;Fix;FIXED;0;0;0;0;—;Component;fornitura;COMPLEMENTS (Z)
ZF;Complement width;Z;Fix;FIXED;0;0;0;0;—;Component;fornitura;COMPLEMENTS (Z)
ZC2;Cord channel height;Z;Fix;FIXED;0;0;0;0;—;Component;exterior;COMPLEMENTS (Z)
